{"cameraMode":{"drawMode":0,"name":"Shaded","section":"Shading Mode"},"sceneLighting":false,"audioPlay":false,"sceneViewState":{"m_AlwaysRefresh":false,"showFog":true,"showSkybox":false,"showFlares":true,"showImageEffects":true,"showParticleSystems":true,"showVisualEffectGraphs":true,"m_FxEnabled":true},"in2DMode":false,"pivot":{"x":-0.003414154052734375,"y":0.3810005187988281,"z":-0.05490303039550781},"rotation":{"x":0.13178502023220063,"y":-0.2909854054450989,"z":0.04050401225686073,"w":0.9467421770095825},"size":36.37306594848633,"orthographic":false}