{"cameraMode":{"drawMode":0,"name":"Shaded","section":"Shading Mode"},"sceneLighting":false,"audioPlay":false,"sceneViewState":{"m_AlwaysRefresh":false,"showFog":true,"showSkybox":false,"showFlares":true,"showImageEffects":true,"showParticleSystems":true,"showVisualEffectGraphs":true,"m_FxEnabled":true},"in2DMode":false,"pivot":{"x":0.0021019726991653444,"y":0.07724505662918091,"z":0.0022326111793518068},"rotation":{"x":0.20573736727237702,"y":-0.02905075065791607,"z":0.006109472364187241,"w":0.9781580567359924},"size":0.8424811959266663,"orthographic":false}