{"cameraMode":{"drawMode":0,"name":"Shaded","section":"Shading Mode"},"sceneLighting":false,"audioPlay":false,"sceneViewState":{"m_AlwaysRefresh":false,"showFog":true,"showSkybox":false,"showFlares":true,"showImageEffects":true,"showParticleSystems":true,"showVisualEffectGraphs":true,"m_FxEnabled":true},"in2DMode":false,"pivot":{"x":-0.013261198997497559,"y":0.18443724513053895,"z":-0.014193952083587647},"rotation":{"x":-0.20360343158245088,"y":0.08417624980211258,"z":-0.01757831871509552,"w":-0.9752789735794067},"size":0.34051385521888735,"orthographic":false}