{"cameraMode":{"drawMode":0,"name":"Shaded","section":"Shading Mode"},"sceneLighting":false,"audioPlay":false,"sceneViewState":{"m_AlwaysRefresh":false,"showFog":true,"showSkybox":false,"showFlares":true,"showImageEffects":true,"showParticleSystems":true,"showVisualEffectGraphs":true,"m_FxEnabled":true},"in2DMode":false,"pivot":{"x":1.7477164268493653,"y":5.011679649353027,"z":3.3001742362976076},"rotation":{"x":0.10487785935401917,"y":-0.06676784157752991,"z":0.007056626491248608,"w":0.9922167658805847},"size":9.968503952026368,"orthographic":false}