{"cameraMode":{"drawMode":0,"name":"Shaded","section":"Shading Mode"},"sceneLighting":false,"audioPlay":false,"sceneViewState":{"m_AlwaysRefresh":false,"showFog":true,"showSkybox":false,"showFlares":true,"showImageEffects":true,"showParticleSystems":true,"showVisualEffectGraphs":true,"m_FxEnabled":true},"in2DMode":false,"pivot":{"x":-4.327049732208252,"y":0.2673921585083008,"z":0.1575164794921875},"rotation":{"x":0.13178502023220063,"y":-0.2909854054450989,"z":0.04050401225686073,"w":0.9467421770095825},"size":31.069520950317384,"orthographic":false}