{"cameraMode":{"drawMode":0,"name":"Shaded","section":"Shading Mode"},"sceneLighting":false,"audioPlay":false,"sceneViewState":{"m_AlwaysRefresh":false,"showFog":true,"showSkybox":false,"showFlares":true,"showImageEffects":true,"showParticleSystems":true,"showVisualEffectGraphs":true,"m_FxEnabled":true},"in2DMode":false,"pivot":{"x":0.0000034570693969726564,"y":0.6938128471374512,"z":0.06437593698501587},"rotation":{"x":-0.37881165742874148,"y":0.035245854407548907,"z":-0.014438007026910782,"w":-0.9246886968612671},"size":1.3470920324325562,"orthographic":false}