{"cameraMode":{"drawMode":0,"name":"Shaded","section":"Shading Mode"},"sceneLighting":false,"audioPlay":false,"sceneViewState":{"m_AlwaysRefresh":false,"showFog":true,"showSkybox":false,"showFlares":true,"showImageEffects":true,"showParticleSystems":true,"showVisualEffectGraphs":true,"m_FxEnabled":true},"in2DMode":false,"pivot":{"x":-1.4054030179977418,"y":1.4762078523635865,"z":0.6547431349754334},"rotation":{"x":0.0290899109095335,"y":-0.9708689451217651,"z":0.1634690761566162,"w":0.17276526987552644},"size":3.6120684146881105,"orthographic":false}