{"cameraMode":{"drawMode":0,"name":"Shaded","section":"Shading Mode"},"sceneLighting":false,"audioPlay":false,"sceneViewState":{"m_AlwaysRefresh":false,"showFog":true,"showSkybox":false,"showFlares":true,"showImageEffects":true,"showParticleSystems":true,"showVisualEffectGraphs":true,"m_FxEnabled":true},"in2DMode":false,"pivot":{"x":0.011844351887702942,"y":-0.0010892003774642945,"z":0.01293143630027771},"rotation":{"x":-0.3886822462081909,"y":0.020701639354228975,"z":-0.008725655265152455,"w":-0.9211032390594482},"size":0.27190423011779787,"orthographic":false}