{"cameraMode":{"drawMode":0,"name":"Shaded","section":"Shading Mode"},"sceneLighting":false,"audioPlay":false,"sceneViewState":{"m_AlwaysRefresh":false,"showFog":true,"showSkybox":false,"showFlares":true,"showImageEffects":true,"showParticleSystems":true,"showVisualEffectGraphs":true,"m_FxEnabled":true},"in2DMode":false,"pivot":{"x":4.76837158203125e-7,"y":2.432587146759033,"z":0.0000011920928955078126},"rotation":{"x":0.1128992959856987,"y":-0.3368639051914215,"z":0.04072394594550133,"w":0.9338731169700623},"size":8.147210121154786,"orthographic":false}