{"cameraMode":{"drawMode":0,"name":"Shaded","section":"Shading Mode"},"sceneLighting":false,"audioPlay":false,"sceneViewState":{"m_AlwaysRefresh":false,"showFog":true,"showSkybox":false,"showFlares":true,"showImageEffects":true,"showParticleSystems":true,"showVisualEffectGraphs":true,"m_FxEnabled":true},"in2DMode":false,"pivot":{"x":0.007666110992431641,"y":0.7619506120681763,"z":-0.00006496906280517578},"rotation":{"x":-0.0006939220475032926,"y":0.9260133504867554,"z":-0.3777359127998352,"w":-0.0016056783497333527},"size":1.818505883216858,"orthographic":false}