{"cameraMode":{"drawMode":0,"name":"Shaded","section":"Shading Mode"},"sceneLighting":false,"audioPlay":false,"sceneViewState":{"m_AlwaysRefresh":false,"showFog":true,"showSkybox":false,"showFlares":true,"showImageEffects":true,"showParticleSystems":true,"showVisualEffectGraphs":true,"m_FxEnabled":true},"in2DMode":false,"pivot":{"x":-0.02570199966430664,"y":0.24135690927505494,"z":0.000011920928955078125},"rotation":{"x":-0.0006939220475032926,"y":0.9260133504867554,"z":-0.3777359127998352,"w":-0.0016056783497333527},"size":4.46650505065918,"orthographic":false}