{"cameraMode":{"drawMode":0,"name":"Shaded","section":"Shading Mode"},"sceneLighting":false,"audioPlay":false,"sceneViewState":{"m_AlwaysRefresh":false,"showFog":true,"showSkybox":false,"showFlares":true,"showImageEffects":true,"showParticleSystems":true,"showVisualEffectGraphs":true,"m_FxEnabled":true},"in2DMode":false,"pivot":{"x":0.0010913312435150147,"y":0.14137530326843263,"z":-0.00894385576248169},"rotation":{"x":-0.0006939220475032926,"y":0.9260133504867554,"z":-0.3777359127998352,"w":-0.0016056783497333527},"size":0.29839709401130679,"orthographic":false}