{"cameraMode":{"drawMode":0,"name":"Shaded","section":"Shading Mode"},"sceneLighting":false,"audioPlay":false,"sceneViewState":{"m_AlwaysRefresh":false,"showFog":true,"showSkybox":false,"showFlares":true,"showImageEffects":true,"showParticleSystems":true,"showVisualEffectGraphs":true,"m_FxEnabled":true},"in2DMode":false,"pivot":{"x":-0.022724628448486329,"y":-0.20374731719493867,"z":-0.05337313562631607},"rotation":{"x":-0.20360343158245088,"y":0.08417624980211258,"z":-0.01757831871509552,"w":-0.9752789735794067},"size":0.23554567992687226,"orthographic":false}