{"cameraMode":{"drawMode":0,"name":"Shaded","section":"Shading Mode"},"sceneLighting":true,"audioPlay":false,"sceneViewState":{"m_AlwaysRefresh":false,"showFog":true,"showSkybox":true,"showFlares":true,"showImageEffects":true,"showParticleSystems":true,"showVisualEffectGraphs":true,"m_FxEnabled":true},"in2DMode":false,"pivot":{"x":-158.27032470703126,"y":-143.78677368164063,"z":-156.35374450683595},"rotation":{"x":0.0024985659401863815,"y":-0.9552093148231506,"z":0.29580065608024599,"w":0.008041002787649632},"size":145.37594604492188,"orthographic":false}