{"cameraMode":{"drawMode":0,"name":"Shaded","section":"Shading Mode"},"sceneLighting":false,"audioPlay":false,"sceneViewState":{"m_AlwaysRefresh":false,"showFog":true,"showSkybox":false,"showFlares":true,"showImageEffects":true,"showParticleSystems":true,"showVisualEffectGraphs":true,"m_FxEnabled":true},"in2DMode":false,"pivot":{"x":0.0010607540607452393,"y":0.14908981323242188,"z":0.014021724462509156},"rotation":{"x":0.1128992959856987,"y":-0.3368639051914215,"z":0.04072394594550133,"w":0.9338731169700623},"size":0.33904629945755007,"orthographic":false}