{"cameraMode":{"drawMode":0,"name":"Shaded","section":"Shading Mode"},"sceneLighting":false,"audioPlay":false,"sceneViewState":{"m_AlwaysRefresh":false,"showFog":true,"showSkybox":false,"showFlares":true,"showImageEffects":true,"showParticleSystems":true,"showVisualEffectGraphs":true,"m_FxEnabled":true},"in2DMode":false,"pivot":{"x":-0.01430433988571167,"y":0.5652327537536621,"z":0.1224326491355896},"rotation":{"x":-0.0006939220475032926,"y":0.9260133504867554,"z":-0.3777359127998352,"w":-0.0016056783497333527},"size":0.7250987887382507,"orthographic":false}