{"cameraMode":{"drawMode":0,"name":"Shaded","section":"Shading Mode"},"sceneLighting":false,"audioPlay":false,"sceneViewState":{"m_AlwaysRefresh":false,"showFog":true,"showSkybox":false,"showFlares":true,"showImageEffects":true,"showParticleSystems":true,"showVisualEffectGraphs":true,"m_FxEnabled":true},"in2DMode":false,"pivot":{"x":-2.495269775390625,"y":0.09919672459363938,"z":2.509810447692871},"rotation":{"x":0.13178502023220063,"y":-0.2909854054450989,"z":0.04050401225686073,"w":0.9467421770095825},"size":3.5578629970550539,"orthographic":false}