{"cameraMode":{"drawMode":0,"name":"Shaded","section":"Shading Mode"},"sceneLighting":false,"audioPlay":false,"sceneViewState":{"m_AlwaysRefresh":false,"showFog":true,"showSkybox":false,"showFlares":true,"showImageEffects":true,"showParticleSystems":true,"showVisualEffectGraphs":true,"m_FxEnabled":true},"in2DMode":false,"pivot":{"x":-0.0025973916053771974,"y":0.1750159114599228,"z":-0.06345263123512268},"rotation":{"x":-0.20360343158245088,"y":0.08417624980211258,"z":-0.01757831871509552,"w":-0.9752789735794067},"size":0.24356268346309663,"orthographic":false}